DATETIME,asset,protocol,attack,pressure,flow
2026-01-01 00:00:00,BATADAL-PLANT,water-process,0,0.4200,0.6500
2026-01-01 00:00:01,BATADAL-PLANT,water-process,0,0.4233,0.6499
2026-01-01 00:00:02,BATADAL-PLANT,water-process,0,0.4266,0.6495
2026-01-01 00:00:03,BATADAL-PLANT,water-process,0,0.4298,0.6489
2026-01-01 00:00:04,BATADAL-PLANT,water-process,0,0.4329,0.6480
2026-01-01 00:00:05,BATADAL-PLANT,water-process,0,0.4358,0.6470
2026-01-01 00:00:06,BATADAL-PLANT,water-process,0,0.4386,0.6456
2026-01-01 00:00:07,BATADAL-PLANT,water-process,0,0.4411,0.6441
2026-01-01 00:00:08,BATADAL-PLANT,water-process,0,0.4433,0.6424
2026-01-01 00:00:09,BATADAL-PLANT,water-process,0,0.4452,0.6405
2026-01-01 00:00:10,BATADAL-PLANT,water-process,0,0.4469,0.6384
2026-01-01 00:00:11,BATADAL-PLANT,water-process,0,0.4482,0.6362
2026-01-01 00:00:12,BATADAL-PLANT,water-process,0,0.4492,0.6339
2026-01-01 00:00:13,BATADAL-PLANT,water-process,0,0.4498,0.6314
2026-01-01 00:00:14,BATADAL-PLANT,water-process,0,0.4500,0.6288
2026-01-01 00:00:15,BATADAL-PLANT,water-process,0,0.4499,0.6262
2026-01-01 00:00:16,BATADAL-PLANT,water-process,0,0.4494,0.6235
2026-01-01 00:00:17,BATADAL-PLANT,water-process,0,0.4485,0.6208
2026-01-01 00:00:18,BATADAL-PLANT,water-process,0,0.4473,0.6180
2026-01-01 00:00:19,BATADAL-PLANT,water-process,0,0.4457,0.6153
2026-01-01 00:00:20,BATADAL-PLANT,water-process,0,0.4439,0.6127
2026-01-01 00:00:21,BATADAL-PLANT,water-process,0,0.4417,0.6100
2026-01-01 00:00:22,BATADAL-PLANT,water-process,0,0.4393,0.6075
2026-01-01 00:00:23,BATADAL-PLANT,water-process,0,0.4366,0.6051
2026-01-01 00:00:24,BATADAL-PLANT,water-process,0,0.4337,0.6028
2026-01-01 00:00:25,BATADAL-PLANT,water-process,0,0.4307,0.6006
2026-01-01 00:00:26,BATADAL-PLANT,water-process,0,0.4275,0.5986
2026-01-01 00:00:27,BATADAL-PLANT,water-process,0,0.4242,0.5968
2026-01-01 00:00:28,BATADAL-PLANT,water-process,0,0.4209,0.5952
2026-01-01 00:00:29,BATADAL-PLANT,water-process,0,0.4176,0.5937
2026-01-01 00:00:30,BATADAL-PLANT,water-process,0,0.4143,0.5925
2026-01-01 00:00:31,BATADAL-PLANT,water-process,0,0.4111,0.5916
2026-01-01 00:00:32,BATADAL-PLANT,water-process,0,0.4079,0.5908
2026-01-01 00:00:33,BATADAL-PLANT,water-process,0,0.4050,0.5903
2026-01-01 00:00:34,BATADAL-PLANT,water-process,0,0.4022,0.5900
2026-01-01 00:00:35,BATADAL-PLANT,water-process,0,0.3996,0.5900
2026-01-01 00:00:36,BATADAL-PLANT,water-process,0,0.3973,0.5903
2026-01-01 00:00:37,BATADAL-PLANT,water-process,0,0.3953,0.5907
2026-01-01 00:00:38,BATADAL-PLANT,water-process,0,0.3935,0.5915
2026-01-01 00:00:39,BATADAL-PLANT,water-process,0,0.3921,0.5924
2026-01-01 00:00:40,BATADAL-PLANT,water-process,0,0.3911,0.5936
2026-01-01 00:00:41,BATADAL-PLANT,water-process,0,0.3904,0.5950
2026-01-01 00:00:42,BATADAL-PLANT,water-process,0,0.3900,0.5966
2026-01-01 00:00:43,BATADAL-PLANT,water-process,0,0.3901,0.5984
2026-01-01 00:00:44,BATADAL-PLANT,water-process,0,0.3905,0.6004
2026-01-01 00:00:45,BATADAL-PLANT,water-process,0,0.3912,0.6025
2026-01-01 00:00:46,BATADAL-PLANT,water-process,0,0.3924,0.6048
2026-01-01 00:00:47,BATADAL-PLANT,water-process,0,0.3938,0.6072
2026-01-01 00:00:48,BATADAL-PLANT,water-process,0,0.3956,0.6097
2026-01-01 00:00:49,BATADAL-PLANT,water-process,0,0.3977,0.6124
2026-01-01 00:00:50,BATADAL-PLANT,water-process,1,0.7974,0.9096
2026-01-01 00:00:51,BATADAL-PLANT,water-process,1,0.8067,0.9074
2026-01-01 00:00:52,BATADAL-PLANT,water-process,1,0.8099,0.8984
2026-01-01 00:00:53,BATADAL-PLANT,water-process,1,0.8040,0.8908
2026-01-01 00:00:54,BATADAL-PLANT,water-process,1,0.7944,0.8917
2026-01-01 00:00:55,BATADAL-PLANT,water-process,1,0.7900,0.9002
2026-01-01 00:00:56,BATADAL-PLANT,water-process,1,0.7948,0.9085
2026-01-01 00:00:57,BATADAL-PLANT,water-process,1,0.8044,0.9090
2026-01-01 00:00:58,BATADAL-PLANT,water-process,1,0.8099,0.9012
2026-01-01 00:00:59,BATADAL-PLANT,water-process,1,0.8064,0.8923
2026-01-01 00:01:00,BATADAL-PLANT,water-process,0,0.4312,0.6403
2026-01-01 00:01:01,BATADAL-PLANT,water-process,0,0.4342,0.6422
2026-01-01 00:01:02,BATADAL-PLANT,water-process,0,0.4371,0.6439
2026-01-01 00:01:03,BATADAL-PLANT,water-process,0,0.4397,0.6455
2026-01-01 00:01:04,BATADAL-PLANT,water-process,0,0.4421,0.6468
2026-01-01 00:01:05,BATADAL-PLANT,water-process,0,0.4442,0.6479
2026-01-01 00:01:06,BATADAL-PLANT,water-process,0,0.4460,0.6488
2026-01-01 00:01:07,BATADAL-PLANT,water-process,0,0.4475,0.6494
2026-01-01 00:01:08,BATADAL-PLANT,water-process,0,0.4487,0.6498
2026-01-01 00:01:09,BATADAL-PLANT,water-process,0,0.4495,0.6500
2026-01-01 00:01:10,BATADAL-PLANT,water-process,0,0.4499,0.6499
2026-01-01 00:01:11,BATADAL-PLANT,water-process,0,0.4500,0.6496
2026-01-01 00:01:12,BATADAL-PLANT,water-process,0,0.4497,0.6490
2026-01-01 00:01:13,BATADAL-PLANT,water-process,0,0.4490,0.6481
2026-01-01 00:01:14,BATADAL-PLANT,water-process,0,0.4480,0.6471
2026-01-01 00:01:15,BATADAL-PLANT,water-process,0,0.4466,0.6458
2026-01-01 00:01:16,BATADAL-PLANT,water-process,0,0.4449,0.6443
2026-01-01 00:01:17,BATADAL-PLANT,water-process,0,0.4429,0.6426
2026-01-01 00:01:18,BATADAL-PLANT,water-process,0,0.4406,0.6407
2026-01-01 00:01:19,BATADAL-PLANT,water-process,0,0.4381,0.6387
2026-01-01 00:01:20,BATADAL-PLANT,water-process,0,0.4353,0.6365
2026-01-01 00:01:21,BATADAL-PLANT,water-process,0,0.4324,0.6341
2026-01-01 00:01:22,BATADAL-PLANT,water-process,0,0.4293,0.6317
2026-01-01 00:01:23,BATADAL-PLANT,water-process,0,0.4260,0.6291
2026-01-01 00:01:24,BATADAL-PLANT,water-process,0,0.4227,0.6265
2026-01-01 00:01:25,BATADAL-PLANT,water-process,0,0.4194,0.6238
2026-01-01 00:01:26,BATADAL-PLANT,water-process,0,0.4161,0.6211
2026-01-01 00:01:27,BATADAL-PLANT,water-process,0,0.4128,0.6183
2026-01-01 00:01:28,BATADAL-PLANT,water-process,0,0.4096,0.6156
2026-01-01 00:01:29,BATADAL-PLANT,water-process,0,0.4066,0.6130
2026-01-01 00:01:30,BATADAL-PLANT,water-process,0,0.4037,0.6103
2026-01-01 00:01:31,BATADAL-PLANT,water-process,0,0.4010,0.6078
2026-01-01 00:01:32,BATADAL-PLANT,water-process,0,0.3985,0.6054
2026-01-01 00:01:33,BATADAL-PLANT,water-process,0,0.3963,0.6030
2026-01-01 00:01:34,BATADAL-PLANT,water-process,0,0.3944,0.6009
2026-01-01 00:01:35,BATADAL-PLANT,water-process,0,0.3929,0.5989
2026-01-01 00:01:36,BATADAL-PLANT,water-process,0,0.3916,0.5970
2026-01-01 00:01:37,BATADAL-PLANT,water-process,0,0.3907,0.5954
2026-01-01 00:01:38,BATADAL-PLANT,water-process,0,0.3902,0.5939
2026-01-01 00:01:39,BATADAL-PLANT,water-process,0,0.3900,0.5927
2026-01-01 00:01:40,BATADAL-PLANT,water-process,0,0.3902,0.5917
2026-01-01 00:01:41,BATADAL-PLANT,water-process,0,0.3908,0.5909
2026-01-01 00:01:42,BATADAL-PLANT,water-process,0,0.3917,0.5903
2026-01-01 00:01:43,BATADAL-PLANT,water-process,0,0.3930,0.5901
2026-01-01 00:01:44,BATADAL-PLANT,water-process,0,0.3946,0.5900
2026-01-01 00:01:45,BATADAL-PLANT,water-process,0,0.3965,0.5902
2026-01-01 00:01:46,BATADAL-PLANT,water-process,0,0.3987,0.5907
2026-01-01 00:01:47,BATADAL-PLANT,water-process,0,0.4012,0.5914
2026-01-01 00:01:48,BATADAL-PLANT,water-process,0,0.4039,0.5923
2026-01-01 00:01:49,BATADAL-PLANT,water-process,0,0.4068,0.5935
2026-01-01 00:01:50,BATADAL-PLANT,water-process,0,0.4099,0.5948
2026-01-01 00:01:51,BATADAL-PLANT,water-process,0,0.4131,0.5964
2026-01-01 00:01:52,BATADAL-PLANT,water-process,0,0.4164,0.5982
2026-01-01 00:01:53,BATADAL-PLANT,water-process,0,0.4197,0.6002
2026-01-01 00:01:54,BATADAL-PLANT,water-process,0,0.4230,0.6023
2026-01-01 00:01:55,BATADAL-PLANT,water-process,0,0.4263,0.6045
2026-01-01 00:01:56,BATADAL-PLANT,water-process,0,0.4295,0.6069
2026-01-01 00:01:57,BATADAL-PLANT,water-process,0,0.4326,0.6095
2026-01-01 00:01:58,BATADAL-PLANT,water-process,0,0.4355,0.6120
2026-01-01 00:01:59,BATADAL-PLANT,water-process,0,0.4383,0.6147
2026-01-01 00:02:00,BATADAL-PLANT,water-process,0,0.4408,0.6174
2026-01-01 00:02:01,BATADAL-PLANT,water-process,0,0.4431,0.6201
2026-01-01 00:02:02,BATADAL-PLANT,water-process,0,0.4451,0.6229
2026-01-01 00:02:03,BATADAL-PLANT,water-process,0,0.4467,0.6256
2026-01-01 00:02:04,BATADAL-PLANT,water-process,0,0.4481,0.6282
2026-01-01 00:02:05,BATADAL-PLANT,water-process,0,0.4491,0.6308
2026-01-01 00:02:06,BATADAL-PLANT,water-process,0,0.4497,0.6333
2026-01-01 00:02:07,BATADAL-PLANT,water-process,0,0.4500,0.6357
2026-01-01 00:02:08,BATADAL-PLANT,water-process,0,0.4499,0.6379
2026-01-01 00:02:09,BATADAL-PLANT,water-process,0,0.4494,0.6400
2026-01-01 00:02:10,BATADAL-PLANT,water-process,0,0.4486,0.6420
2026-01-01 00:02:11,BATADAL-PLANT,water-process,0,0.4474,0.6437
2026-01-01 00:02:12,BATADAL-PLANT,water-process,0,0.4459,0.6453
2026-01-01 00:02:13,BATADAL-PLANT,water-process,0,0.4441,0.6467
2026-01-01 00:02:14,BATADAL-PLANT,water-process,0,0.4419,0.6478
2026-01-01 00:02:15,BATADAL-PLANT,water-process,0,0.4395,0.6487
2026-01-01 00:02:16,BATADAL-PLANT,water-process,0,0.4369,0.6494
2026-01-01 00:02:17,BATADAL-PLANT,water-process,0,0.4340,0.6498
2026-01-01 00:02:18,BATADAL-PLANT,water-process,0,0.4310,0.6500
2026-01-01 00:02:19,BATADAL-PLANT,water-process,0,0.4278,0.6499
2026-01-01 00:02:20,BATADAL-PLANT,water-process,0,0.4246,0.6496
2026-01-01 00:02:21,BATADAL-PLANT,water-process,0,0.4212,0.6491
2026-01-01 00:02:22,BATADAL-PLANT,water-process,0,0.4179,0.6483
2026-01-01 00:02:23,BATADAL-PLANT,water-process,0,0.4146,0.6472
2026-01-01 00:02:24,BATADAL-PLANT,water-process,0,0.4114,0.6460
2026-01-01 00:02:25,BATADAL-PLANT,water-process,0,0.4082,0.6445
2026-01-01 00:02:26,BATADAL-PLANT,water-process,0,0.4052,0.6428
2026-01-01 00:02:27,BATADAL-PLANT,water-process,0,0.4024,0.6410
2026-01-01 00:02:28,BATADAL-PLANT,water-process,0,0.3998,0.6389
2026-01-01 00:02:29,BATADAL-PLANT,water-process,0,0.3975,0.6367
2026-01-01 00:02:30,BATADAL-PLANT,water-process,0,0.3954,0.6344
2026-01-01 00:02:31,BATADAL-PLANT,water-process,0,0.3937,0.6320
2026-01-01 00:02:32,BATADAL-PLANT,water-process,0,0.3923,0.6294
2026-01-01 00:02:33,BATADAL-PLANT,water-process,0,0.3912,0.6268
2026-01-01 00:02:34,BATADAL-PLANT,water-process,0,0.3904,0.6241
2026-01-01 00:02:35,BATADAL-PLANT,water-process,0,0.3900,0.6214
2026-01-01 00:02:36,BATADAL-PLANT,water-process,0,0.3900,0.6187
2026-01-01 00:02:37,BATADAL-PLANT,water-process,0,0.3904,0.6159
2026-01-01 00:02:38,BATADAL-PLANT,water-process,0,0.3911,0.6133
2026-01-01 00:02:39,BATADAL-PLANT,water-process,0,0.3922,0.6106
2026-01-01 00:02:40,BATADAL-PLANT,water-process,0,0.3937,0.6081
2026-01-01 00:02:41,BATADAL-PLANT,water-process,0,0.3954,0.6056
2026-01-01 00:02:42,BATADAL-PLANT,water-process,0,0.3975,0.6033
2026-01-01 00:02:43,BATADAL-PLANT,water-process,0,0.3998,0.6011
2026-01-01 00:02:44,BATADAL-PLANT,water-process,0,0.4024,0.5991
2026-01-01 00:02:45,BATADAL-PLANT,water-process,0,0.4052,0.5972
2026-01-01 00:02:46,BATADAL-PLANT,water-process,0,0.4082,0.5955
2026-01-01 00:02:47,BATADAL-PLANT,water-process,0,0.4113,0.5941
2026-01-01 00:02:48,BATADAL-PLANT,water-process,0,0.4145,0.5928
2026-01-01 00:02:49,BATADAL-PLANT,water-process,0,0.4178,0.5918
2026-01-01 00:02:50,BATADAL-PLANT,water-process,0,0.4212,0.5910
2026-01-01 00:02:51,BATADAL-PLANT,water-process,0,0.4245,0.5904
2026-01-01 00:02:52,BATADAL-PLANT,water-process,0,0.4278,0.5901
2026-01-01 00:02:53,BATADAL-PLANT,water-process,0,0.4309,0.5900
2026-01-01 00:02:54,BATADAL-PLANT,water-process,0,0.4340,0.5902
2026-01-01 00:02:55,BATADAL-PLANT,water-process,0,0.4368,0.5906
2026-01-01 00:02:56,BATADAL-PLANT,water-process,0,0.4395,0.5913
2026-01-01 00:02:57,BATADAL-PLANT,water-process,0,0.4419,0.5922
2026-01-01 00:02:58,BATADAL-PLANT,water-process,0,0.4440,0.5933
2026-01-01 00:02:59,BATADAL-PLANT,water-process,0,0.4459,0.5947
2026-01-01 00:03:00,BATADAL-PLANT,water-process,0,0.4474,0.5962
2026-01-01 00:03:01,BATADAL-PLANT,water-process,0,0.4486,0.5980
2026-01-01 00:03:02,BATADAL-PLANT,water-process,0,0.4494,0.5999
2026-01-01 00:03:03,BATADAL-PLANT,water-process,0,0.4499,0.6020
2026-01-01 00:03:04,BATADAL-PLANT,water-process,0,0.4500,0.6043
2026-01-01 00:03:05,BATADAL-PLANT,water-process,0,0.4497,0.6067
2026-01-01 00:03:06,BATADAL-PLANT,water-process,0,0.4491,0.6092
2026-01-01 00:03:07,BATADAL-PLANT,water-process,0,0.4481,0.6117
2026-01-01 00:03:08,BATADAL-PLANT,water-process,0,0.4468,0.6144
2026-01-01 00:03:09,BATADAL-PLANT,water-process,0,0.4451,0.6171
2026-01-01 00:03:10,BATADAL-PLANT,water-process,0,0.4431,0.6198
2026-01-01 00:03:11,BATADAL-PLANT,water-process,0,0.4409,0.6225
2026-01-01 00:03:12,BATADAL-PLANT,water-process,0,0.4383,0.6252
2026-01-01 00:03:13,BATADAL-PLANT,water-process,0,0.4356,0.6279
2026-01-01 00:03:14,BATADAL-PLANT,water-process,0,0.4327,0.6305
2026-01-01 00:03:15,BATADAL-PLANT,water-process,0,0.4296,0.6330
2026-01-01 00:03:16,BATADAL-PLANT,water-process,0,0.4264,0.6354
2026-01-01 00:03:17,BATADAL-PLANT,water-process,0,0.4231,0.6377
2026-01-01 00:03:18,BATADAL-PLANT,water-process,0,0.4197,0.6398
2026-01-01 00:03:19,BATADAL-PLANT,water-process,0,0.4164,0.6418
2026-01-01 00:03:20,BATADAL-PLANT,water-process,0,0.4131,0.6436
2026-01-01 00:03:21,BATADAL-PLANT,water-process,0,0.4099,0.6451
2026-01-01 00:03:22,BATADAL-PLANT,water-process,0,0.4069,0.6465
2026-01-01 00:03:23,BATADAL-PLANT,water-process,0,0.4040,0.6477
2026-01-01 00:03:24,BATADAL-PLANT,water-process,0,0.4012,0.6486
2026-01-01 00:03:25,BATADAL-PLANT,water-process,0,0.3988,0.6493
2026-01-01 00:03:26,BATADAL-PLANT,water-process,0,0.3965,0.6498
2026-01-01 00:03:27,BATADAL-PLANT,water-process,0,0.3946,0.6500
2026-01-01 00:03:28,BATADAL-PLANT,water-process,0,0.3930,0.6499
2026-01-01 00:03:29,BATADAL-PLANT,water-process,0,0.3917,0.6497
2026-01-01 00:03:30,BATADAL-PLANT,water-process,0,0.3908,0.6491
2026-01-01 00:03:31,BATADAL-PLANT,water-process,0,0.3902,0.6484
2026-01-01 00:03:32,BATADAL-PLANT,water-process,0,0.3900,0.6474
2026-01-01 00:03:33,BATADAL-PLANT,water-process,0,0.3902,0.6461
2026-01-01 00:03:34,BATADAL-PLANT,water-process,0,0.3907,0.6447
2026-01-01 00:03:35,BATADAL-PLANT,water-process,0,0.3916,0.6430
2026-01-01 00:03:36,BATADAL-PLANT,water-process,0,0.3928,0.6412
2026-01-01 00:03:37,BATADAL-PLANT,water-process,0,0.3944,0.6392
2026-01-01 00:03:38,BATADAL-PLANT,water-process,0,0.3963,0.6370
2026-01-01 00:03:39,BATADAL-PLANT,water-process,0,0.3985,0.6347
2026-01-01 00:03:40,BATADAL-PLANT,water-process,1,0.8009,0.9100
2026-01-01 00:03:41,BATADAL-PLANT,water-process,1,0.8089,0.9046
2026-01-01 00:03:42,BATADAL-PLANT,water-process,1,0.8087,0.8951
2026-01-01 00:03:43,BATADAL-PLANT,water-process,1,0.8005,0.8900
2026-01-01 00:03:44,BATADAL-PLANT,water-process,1,0.7919,0.8942
2026-01-01 00:03:45,BATADAL-PLANT,water-process,1,0.7907,0.9037
2026-01-01 00:03:46,BATADAL-PLANT,water-process,1,0.7981,0.9098
2026-01-01 00:03:47,BATADAL-PLANT,water-process,1,0.8072,0.9069
2026-01-01 00:03:48,BATADAL-PLANT,water-process,1,0.8097,0.8977
2026-01-01 00:03:49,BATADAL-PLANT,water-process,1,0.8033,0.8906
2026-01-01 00:03:50,BATADAL-PLANT,water-process,0,0.4323,0.6059
2026-01-01 00:03:51,BATADAL-PLANT,water-process,0,0.4353,0.6036
2026-01-01 00:03:52,BATADAL-PLANT,water-process,0,0.4380,0.6014
2026-01-01 00:03:53,BATADAL-PLANT,water-process,0,0.4406,0.5993
2026-01-01 00:03:54,BATADAL-PLANT,water-process,0,0.4429,0.5974
2026-01-01 00:03:55,BATADAL-PLANT,water-process,0,0.4449,0.5957
2026-01-01 00:03:56,BATADAL-PLANT,water-process,0,0.4466,0.5942
2026-01-01 00:03:57,BATADAL-PLANT,water-process,0,0.4480,0.5929
2026-01-01 00:03:58,BATADAL-PLANT,water-process,0,0.4490,0.5919
2026-01-01 00:03:59,BATADAL-PLANT,water-process,0,0.4497,0.5910
2026-01-01 00:04:00,BATADAL-PLANT,water-process,0,0.4500,0.5904
2026-01-01 00:04:01,BATADAL-PLANT,water-process,0,0.4499,0.5901
2026-01-01 00:04:02,BATADAL-PLANT,water-process,0,0.4495,0.5900
2026-01-01 00:04:03,BATADAL-PLANT,water-process,0,0.4487,0.5901
2026-01-01 00:04:04,BATADAL-PLANT,water-process,0,0.4475,0.5905
2026-01-01 00:04:05,BATADAL-PLANT,water-process,0,0.4461,0.5912
2026-01-01 00:04:06,BATADAL-PLANT,water-process,0,0.4442,0.5921
2026-01-01 00:04:07,BATADAL-PLANT,water-process,0,0.4421,0.5932
2026-01-01 00:04:08,BATADAL-PLANT,water-process,0,0.4398,0.5945
2026-01-01 00:04:09,BATADAL-PLANT,water-process,0,0.4371,0.5960
2026-01-01 00:04:10,BATADAL-PLANT,water-process,0,0.4343,0.5978
2026-01-01 00:04:11,BATADAL-PLANT,water-process,0,0.4313,0.5997
2026-01-01 00:04:12,BATADAL-PLANT,water-process,0,0.4281,0.6018
2026-01-01 00:04:13,BATADAL-PLANT,water-process,0,0.4249,0.6040
2026-01-01 00:04:14,BATADAL-PLANT,water-process,0,0.4216,0.6064
2026-01-01 00:04:15,BATADAL-PLANT,water-process,0,0.4182,0.6089
2026-01-01 00:04:16,BATADAL-PLANT,water-process,0,0.4149,0.6114
2026-01-01 00:04:17,BATADAL-PLANT,water-process,0,0.4117,0.6141
2026-01-01 00:04:18,BATADAL-PLANT,water-process,0,0.4085,0.6168
2026-01-01 00:04:19,BATADAL-PLANT,water-process,0,0.4055,0.6195
2026-01-01 00:04:20,BATADAL-PLANT,water-process,0,0.4027,0.6222
2026-01-01 00:04:21,BATADAL-PLANT,water-process,0,0.4001,0.6249
2026-01-01 00:04:22,BATADAL-PLANT,water-process,0,0.3977,0.6276
2026-01-01 00:04:23,BATADAL-PLANT,water-process,0,0.3956,0.6302
2026-01-01 00:04:24,BATADAL-PLANT,water-process,0,0.3938,0.6327
2026-01-01 00:04:25,BATADAL-PLANT,water-process,0,0.3924,0.6351
2026-01-01 00:04:26,BATADAL-PLANT,water-process,0,0.3912,0.6374
2026-01-01 00:04:27,BATADAL-PLANT,water-process,0,0.3905,0.6396
2026-01-01 00:04:28,BATADAL-PLANT,water-process,0,0.3901,0.6416
2026-01-01 00:04:29,BATADAL-PLANT,water-process,0,0.3900,0.6434
2026-01-01 00:04:30,BATADAL-PLANT,water-process,1,0.7982,0.9098
2026-01-01 00:04:31,BATADAL-PLANT,water-process,1,0.8073,0.9068
2026-01-01 00:04:32,BATADAL-PLANT,water-process,1,0.8097,0.8975
2026-01-01 00:04:33,BATADAL-PLANT,water-process,1,0.8031,0.8905
2026-01-01 00:04:34,BATADAL-PLANT,water-process,1,0.7937,0.8922
2026-01-01 00:04:35,BATADAL-PLANT,water-process,1,0.7901,0.9011
2026-01-01 00:04:36,BATADAL-PLANT,water-process,1,0.7956,0.9090
2026-01-01 00:04:37,BATADAL-PLANT,water-process,1,0.8051,0.9086
2026-01-01 00:04:38,BATADAL-PLANT,water-process,1,0.8100,0.9003
2026-01-01 00:04:39,BATADAL-PLANT,water-process,1,0.8057,0.8918
2026-01-01 00:04:40,BATADAL-PLANT,water-process,0,0.4110,0.6485
2026-01-01 00:04:41,BATADAL-PLANT,water-process,0,0.4142,0.6475
2026-01-01 00:04:42,BATADAL-PLANT,water-process,0,0.4175,0.6463
2026-01-01 00:04:43,BATADAL-PLANT,water-process,0,0.4209,0.6449
2026-01-01 00:04:44,BATADAL-PLANT,water-process,0,0.4242,0.6432
2026-01-01 00:04:45,BATADAL-PLANT,water-process,0,0.4274,0.6414
2026-01-01 00:04:46,BATADAL-PLANT,water-process,0,0.4306,0.6394
2026-01-01 00:04:47,BATADAL-PLANT,water-process,0,0.4337,0.6373
2026-01-01 00:04:48,BATADAL-PLANT,water-process,0,0.4365,0.6350
2026-01-01 00:04:49,BATADAL-PLANT,water-process,0,0.4392,0.6325
2026-01-01 00:04:50,BATADAL-PLANT,water-process,0,0.4417,0.6300
2026-01-01 00:04:51,BATADAL-PLANT,water-process,0,0.4438,0.6274
2026-01-01 00:04:52,BATADAL-PLANT,water-process,0,0.4457,0.6247
2026-01-01 00:04:53,BATADAL-PLANT,water-process,0,0.4473,0.6220
2026-01-01 00:04:54,BATADAL-PLANT,water-process,0,0.4485,0.6193
2026-01-01 00:04:55,BATADAL-PLANT,water-process,0,0.4493,0.6166
2026-01-01 00:04:56,BATADAL-PLANT,water-process,0,0.4499,0.6139
2026-01-01 00:04:57,BATADAL-PLANT,water-process,0,0.4500,0.6112
2026-01-01 00:04:58,BATADAL-PLANT,water-process,0,0.4498,0.6087
2026-01-01 00:04:59,BATADAL-PLANT,water-process,0,0.4492,0.6062
