ts,device,proto,type,packet_rate,command_anomaly
2026-01-01 00:00:00,TON-IoT-PLC,iiot,normal,0.2300,0.2100
2026-01-01 00:00:01,TON-IoT-PLC,iiot,normal,0.2325,0.2099
2026-01-01 00:00:02,TON-IoT-PLC,iiot,normal,0.2349,0.2096
2026-01-01 00:00:03,TON-IoT-PLC,iiot,normal,0.2373,0.2091
2026-01-01 00:00:04,TON-IoT-PLC,iiot,normal,0.2396,0.2084
2026-01-01 00:00:05,TON-IoT-PLC,iiot,normal,0.2417,0.2076
2026-01-01 00:00:06,TON-IoT-PLC,iiot,normal,0.2436,0.2065
2026-01-01 00:00:07,TON-IoT-PLC,iiot,normal,0.2454,0.2053
2026-01-01 00:00:08,TON-IoT-PLC,iiot,normal,0.2468,0.2039
2026-01-01 00:00:09,TON-IoT-PLC,iiot,normal,0.2480,0.2024
2026-01-01 00:00:10,TON-IoT-PLC,iiot,normal,0.2490,0.2008
2026-01-01 00:00:11,TON-IoT-PLC,iiot,normal,0.2496,0.1991
2026-01-01 00:00:12,TON-IoT-PLC,iiot,normal,0.2499,0.1972
2026-01-01 00:00:13,TON-IoT-PLC,iiot,normal,0.2500,0.1953
2026-01-01 00:00:14,TON-IoT-PLC,iiot,normal,0.2497,0.1934
2026-01-01 00:00:15,TON-IoT-PLC,iiot,normal,0.2491,0.1914
2026-01-01 00:00:16,TON-IoT-PLC,iiot,normal,0.2482,0.1894
2026-01-01 00:00:17,TON-IoT-PLC,iiot,normal,0.2470,0.1874
2026-01-01 00:00:18,TON-IoT-PLC,iiot,normal,0.2456,0.1855
2026-01-01 00:00:19,TON-IoT-PLC,iiot,normal,0.2439,0.1835
2026-01-01 00:00:20,TON-IoT-PLC,iiot,normal,0.2420,0.1817
2026-01-01 00:00:21,TON-IoT-PLC,iiot,normal,0.2399,0.1799
2026-01-01 00:00:22,TON-IoT-PLC,iiot,normal,0.2376,0.1782
2026-01-01 00:00:23,TON-IoT-PLC,iiot,normal,0.2353,0.1767
2026-01-01 00:00:24,TON-IoT-PLC,iiot,normal,0.2328,0.1753
2026-01-01 00:00:25,TON-IoT-PLC,iiot,normal,0.2303,0.1740
2026-01-01 00:00:26,TON-IoT-PLC,iiot,normal,0.2278,0.1729
2026-01-01 00:00:27,TON-IoT-PLC,iiot,normal,0.2254,0.1719
2026-01-01 00:00:28,TON-IoT-PLC,iiot,normal,0.2230,0.1712
2026-01-01 00:00:29,TON-IoT-PLC,iiot,normal,0.2207,0.1706
2026-01-01 00:00:30,TON-IoT-PLC,iiot,normal,0.2186,0.1702
2026-01-01 00:00:31,TON-IoT-PLC,iiot,normal,0.2166,0.1700
2026-01-01 00:00:32,TON-IoT-PLC,iiot,normal,0.2149,0.1700
2026-01-01 00:00:33,TON-IoT-PLC,iiot,normal,0.2134,0.1703
2026-01-01 00:00:34,TON-IoT-PLC,iiot,normal,0.2121,0.1707
2026-01-01 00:00:35,TON-IoT-PLC,iiot,normal,0.2111,0.1713
2026-01-01 00:00:36,TON-IoT-PLC,iiot,normal,0.2104,0.1721
2026-01-01 00:00:37,TON-IoT-PLC,iiot,normal,0.2101,0.1730
2026-01-01 00:00:38,TON-IoT-PLC,iiot,normal,0.2100,0.1742
2026-01-01 00:00:39,TON-IoT-PLC,iiot,normal,0.2103,0.1755
2026-01-01 00:00:40,TON-IoT-PLC,iiot,normal,0.2108,0.1769
2026-01-01 00:00:41,TON-IoT-PLC,iiot,normal,0.2117,0.1785
2026-01-01 00:00:42,TON-IoT-PLC,iiot,normal,0.2128,0.1802
2026-01-01 00:00:43,TON-IoT-PLC,iiot,normal,0.2142,0.1820
2026-01-01 00:00:44,TON-IoT-PLC,iiot,normal,0.2159,0.1839
2026-01-01 00:00:45,TON-IoT-PLC,iiot,normal,0.2178,0.1858
2026-01-01 00:00:46,TON-IoT-PLC,iiot,normal,0.2198,0.1878
2026-01-01 00:00:47,TON-IoT-PLC,iiot,normal,0.2221,0.1898
2026-01-01 00:00:48,TON-IoT-PLC,iiot,normal,0.2244,0.1917
2026-01-01 00:00:49,TON-IoT-PLC,iiot,normal,0.2268,0.1937
2026-01-01 00:00:50,TON-IoT-PLC,iiot,attack,0.8721,0.8786
2026-01-01 00:00:51,TON-IoT-PLC,iiot,attack,0.9001,0.8697
2026-01-01 00:00:52,TON-IoT-PLC,iiot,attack,0.9096,0.8335
2026-01-01 00:00:53,TON-IoT-PLC,iiot,attack,0.8919,0.8033
2026-01-01 00:00:54,TON-IoT-PLC,iiot,attack,0.8632,0.8068
2026-01-01 00:00:55,TON-IoT-PLC,iiot,attack,0.8500,0.8409
2026-01-01 00:00:56,TON-IoT-PLC,iiot,attack,0.8644,0.8741
2026-01-01 00:00:57,TON-IoT-PLC,iiot,attack,0.8931,0.8760
2026-01-01 00:00:58,TON-IoT-PLC,iiot,attack,0.9098,0.8448
2026-01-01 00:00:59,TON-IoT-PLC,iiot,attack,0.8991,0.8092
2026-01-01 00:01:00,TON-IoT-PLC,iiot,normal,0.2488,0.2092
2026-01-01 00:01:01,TON-IoT-PLC,iiot,normal,0.2495,0.2097
2026-01-01 00:01:02,TON-IoT-PLC,iiot,normal,0.2499,0.2099
2026-01-01 00:01:03,TON-IoT-PLC,iiot,normal,0.2500,0.2100
2026-01-01 00:01:04,TON-IoT-PLC,iiot,normal,0.2498,0.2099
2026-01-01 00:01:05,TON-IoT-PLC,iiot,normal,0.2493,0.2095
2026-01-01 00:01:06,TON-IoT-PLC,iiot,normal,0.2485,0.2090
2026-01-01 00:01:07,TON-IoT-PLC,iiot,normal,0.2473,0.2083
2026-01-01 00:01:08,TON-IoT-PLC,iiot,normal,0.2460,0.2074
2026-01-01 00:01:09,TON-IoT-PLC,iiot,normal,0.2443,0.2063
2026-01-01 00:01:10,TON-IoT-PLC,iiot,normal,0.2425,0.2051
2026-01-01 00:01:11,TON-IoT-PLC,iiot,normal,0.2404,0.2037
2026-01-01 00:01:12,TON-IoT-PLC,iiot,normal,0.2382,0.2022
2026-01-01 00:01:13,TON-IoT-PLC,iiot,normal,0.2359,0.2005
2026-01-01 00:01:14,TON-IoT-PLC,iiot,normal,0.2335,0.1988
2026-01-01 00:01:15,TON-IoT-PLC,iiot,normal,0.2310,0.1969
2026-01-01 00:01:16,TON-IoT-PLC,iiot,normal,0.2285,0.1950
2026-01-01 00:01:17,TON-IoT-PLC,iiot,normal,0.2260,0.1931
2026-01-01 00:01:18,TON-IoT-PLC,iiot,normal,0.2236,0.1911
2026-01-01 00:01:19,TON-IoT-PLC,iiot,normal,0.2213,0.1891
2026-01-01 00:01:20,TON-IoT-PLC,iiot,normal,0.2191,0.1871
2026-01-01 00:01:21,TON-IoT-PLC,iiot,normal,0.2171,0.1851
2026-01-01 00:01:22,TON-IoT-PLC,iiot,normal,0.2153,0.1832
2026-01-01 00:01:23,TON-IoT-PLC,iiot,normal,0.2137,0.1814
2026-01-01 00:01:24,TON-IoT-PLC,iiot,normal,0.2124,0.1796
2026-01-01 00:01:25,TON-IoT-PLC,iiot,normal,0.2114,0.1780
2026-01-01 00:01:26,TON-IoT-PLC,iiot,normal,0.2106,0.1764
2026-01-01 00:01:27,TON-IoT-PLC,iiot,normal,0.2101,0.1750
2026-01-01 00:01:28,TON-IoT-PLC,iiot,normal,0.2100,0.1738
2026-01-01 00:01:29,TON-IoT-PLC,iiot,normal,0.2102,0.1727
2026-01-01 00:01:30,TON-IoT-PLC,iiot,normal,0.2106,0.1718
2026-01-01 00:01:31,TON-IoT-PLC,iiot,normal,0.2114,0.1710
2026-01-01 00:01:32,TON-IoT-PLC,iiot,normal,0.2125,0.1705
2026-01-01 00:01:33,TON-IoT-PLC,iiot,normal,0.2138,0.1702
2026-01-01 00:01:34,TON-IoT-PLC,iiot,normal,0.2154,0.1700
2026-01-01 00:01:35,TON-IoT-PLC,iiot,normal,0.2172,0.1701
2026-01-01 00:01:36,TON-IoT-PLC,iiot,normal,0.2193,0.1703
2026-01-01 00:01:37,TON-IoT-PLC,iiot,normal,0.2215,0.1708
2026-01-01 00:01:38,TON-IoT-PLC,iiot,normal,0.2238,0.1714
2026-01-01 00:01:39,TON-IoT-PLC,iiot,normal,0.2262,0.1722
2026-01-01 00:01:40,TON-IoT-PLC,iiot,normal,0.2287,0.1732
2026-01-01 00:01:41,TON-IoT-PLC,iiot,normal,0.2312,0.1744
2026-01-01 00:01:42,TON-IoT-PLC,iiot,normal,0.2337,0.1757
2026-01-01 00:01:43,TON-IoT-PLC,iiot,normal,0.2361,0.1772
2026-01-01 00:01:44,TON-IoT-PLC,iiot,normal,0.2384,0.1788
2026-01-01 00:01:45,TON-IoT-PLC,iiot,normal,0.2406,0.1805
2026-01-01 00:01:46,TON-IoT-PLC,iiot,normal,0.2426,0.1823
2026-01-01 00:01:47,TON-IoT-PLC,iiot,normal,0.2445,0.1842
2026-01-01 00:01:48,TON-IoT-PLC,iiot,normal,0.2461,0.1861
2026-01-01 00:01:49,TON-IoT-PLC,iiot,normal,0.2474,0.1881
2026-01-01 00:01:50,TON-IoT-PLC,iiot,normal,0.2485,0.1901
2026-01-01 00:01:51,TON-IoT-PLC,iiot,normal,0.2493,0.1921
2026-01-01 00:01:52,TON-IoT-PLC,iiot,normal,0.2498,0.1941
2026-01-01 00:01:53,TON-IoT-PLC,iiot,normal,0.2500,0.1960
2026-01-01 00:01:54,TON-IoT-PLC,iiot,normal,0.2499,0.1979
2026-01-01 00:01:55,TON-IoT-PLC,iiot,normal,0.2494,0.1997
2026-01-01 00:01:56,TON-IoT-PLC,iiot,normal,0.2487,0.2014
2026-01-01 00:01:57,TON-IoT-PLC,iiot,normal,0.2477,0.2030
2026-01-01 00:01:58,TON-IoT-PLC,iiot,normal,0.2464,0.2044
2026-01-01 00:01:59,TON-IoT-PLC,iiot,normal,0.2448,0.2057
2026-01-01 00:02:00,TON-IoT-PLC,iiot,normal,0.2430,0.2069
2026-01-01 00:02:01,TON-IoT-PLC,iiot,normal,0.2410,0.2079
2026-01-01 00:02:02,TON-IoT-PLC,iiot,normal,0.2388,0.2087
2026-01-01 00:02:03,TON-IoT-PLC,iiot,normal,0.2365,0.2093
2026-01-01 00:02:04,TON-IoT-PLC,iiot,normal,0.2341,0.2097
2026-01-01 00:02:05,TON-IoT-PLC,iiot,normal,0.2317,0.2100
2026-01-01 00:02:06,TON-IoT-PLC,iiot,normal,0.2292,0.2100
2026-01-01 00:02:07,TON-IoT-PLC,iiot,normal,0.2267,0.2098
2026-01-01 00:02:08,TON-IoT-PLC,iiot,normal,0.2242,0.2095
2026-01-01 00:02:09,TON-IoT-PLC,iiot,normal,0.2219,0.2089
2026-01-01 00:02:10,TON-IoT-PLC,iiot,normal,0.2197,0.2081
2026-01-01 00:02:11,TON-IoT-PLC,iiot,normal,0.2176,0.2072
2026-01-01 00:02:12,TON-IoT-PLC,iiot,normal,0.2158,0.2061
2026-01-01 00:02:13,TON-IoT-PLC,iiot,normal,0.2141,0.2049
2026-01-01 00:02:14,TON-IoT-PLC,iiot,normal,0.2127,0.2034
2026-01-01 00:02:15,TON-IoT-PLC,iiot,normal,0.2116,0.2019
2026-01-01 00:02:16,TON-IoT-PLC,iiot,normal,0.2108,0.2002
2026-01-01 00:02:17,TON-IoT-PLC,iiot,normal,0.2102,0.1985
2026-01-01 00:02:18,TON-IoT-PLC,iiot,normal,0.2100,0.1966
2026-01-01 00:02:19,TON-IoT-PLC,iiot,normal,0.2101,0.1947
2026-01-01 00:02:20,TON-IoT-PLC,iiot,normal,0.2105,0.1927
2026-01-01 00:02:21,TON-IoT-PLC,iiot,normal,0.2112,0.1907
2026-01-01 00:02:22,TON-IoT-PLC,iiot,normal,0.2122,0.1887
2026-01-01 00:02:23,TON-IoT-PLC,iiot,normal,0.2135,0.1868
2026-01-01 00:02:24,TON-IoT-PLC,iiot,normal,0.2150,0.1848
2026-01-01 00:02:25,TON-IoT-PLC,iiot,normal,0.2167,0.1829
2026-01-01 00:02:26,TON-IoT-PLC,iiot,normal,0.2187,0.1811
2026-01-01 00:02:27,TON-IoT-PLC,iiot,normal,0.2209,0.1793
2026-01-01 00:02:28,TON-IoT-PLC,iiot,normal,0.2232,0.1777
2026-01-01 00:02:29,TON-IoT-PLC,iiot,normal,0.2255,0.1762
2026-01-01 00:02:30,TON-IoT-PLC,iiot,normal,0.2280,0.1748
2026-01-01 00:02:31,TON-IoT-PLC,iiot,normal,0.2305,0.1736
2026-01-01 00:02:32,TON-IoT-PLC,iiot,normal,0.2330,0.1725
2026-01-01 00:02:33,TON-IoT-PLC,iiot,normal,0.2354,0.1716
2026-01-01 00:02:34,TON-IoT-PLC,iiot,normal,0.2378,0.1709
2026-01-01 00:02:35,TON-IoT-PLC,iiot,normal,0.2400,0.1704
2026-01-01 00:02:36,TON-IoT-PLC,iiot,normal,0.2421,0.1701
2026-01-01 00:02:37,TON-IoT-PLC,iiot,normal,0.2440,0.1700
2026-01-01 00:02:38,TON-IoT-PLC,iiot,normal,0.2457,0.1701
2026-01-01 00:02:39,TON-IoT-PLC,iiot,normal,0.2471,0.1704
2026-01-01 00:02:40,TON-IoT-PLC,iiot,normal,0.2483,0.1708
2026-01-01 00:02:41,TON-IoT-PLC,iiot,normal,0.2491,0.1715
2026-01-01 00:02:42,TON-IoT-PLC,iiot,normal,0.2497,0.1724
2026-01-01 00:02:43,TON-IoT-PLC,iiot,normal,0.2500,0.1734
2026-01-01 00:02:44,TON-IoT-PLC,iiot,normal,0.2499,0.1746
2026-01-01 00:02:45,TON-IoT-PLC,iiot,normal,0.2496,0.1760
2026-01-01 00:02:46,TON-IoT-PLC,iiot,normal,0.2489,0.1774
2026-01-01 00:02:47,TON-IoT-PLC,iiot,normal,0.2480,0.1791
2026-01-01 00:02:48,TON-IoT-PLC,iiot,normal,0.2467,0.1808
2026-01-01 00:02:49,TON-IoT-PLC,iiot,normal,0.2452,0.1826
2026-01-01 00:02:50,TON-IoT-PLC,iiot,normal,0.2435,0.1845
2026-01-01 00:02:51,TON-IoT-PLC,iiot,normal,0.2416,0.1864
2026-01-01 00:02:52,TON-IoT-PLC,iiot,normal,0.2394,0.1884
2026-01-01 00:02:53,TON-IoT-PLC,iiot,normal,0.2372,0.1904
2026-01-01 00:02:54,TON-IoT-PLC,iiot,normal,0.2348,0.1924
2026-01-01 00:02:55,TON-IoT-PLC,iiot,normal,0.2323,0.1944
2026-01-01 00:02:56,TON-IoT-PLC,iiot,normal,0.2298,0.1963
2026-01-01 00:02:57,TON-IoT-PLC,iiot,normal,0.2273,0.1982
2026-01-01 00:02:58,TON-IoT-PLC,iiot,normal,0.2249,0.2000
2026-01-01 00:02:59,TON-IoT-PLC,iiot,normal,0.2225,0.2016
2026-01-01 00:03:00,TON-IoT-PLC,iiot,normal,0.2203,0.2032
2026-01-01 00:03:01,TON-IoT-PLC,iiot,normal,0.2182,0.2046
2026-01-01 00:03:02,TON-IoT-PLC,iiot,normal,0.2162,0.2059
2026-01-01 00:03:03,TON-IoT-PLC,iiot,normal,0.2145,0.2071
2026-01-01 00:03:04,TON-IoT-PLC,iiot,normal,0.2131,0.2080
2026-01-01 00:03:05,TON-IoT-PLC,iiot,normal,0.2119,0.2088
2026-01-01 00:03:06,TON-IoT-PLC,iiot,normal,0.2110,0.2094
2026-01-01 00:03:07,TON-IoT-PLC,iiot,normal,0.2103,0.2098
2026-01-01 00:03:08,TON-IoT-PLC,iiot,normal,0.2100,0.2100
2026-01-01 00:03:09,TON-IoT-PLC,iiot,normal,0.2100,0.2100
2026-01-01 00:03:10,TON-IoT-PLC,iiot,normal,0.2104,0.2098
2026-01-01 00:03:11,TON-IoT-PLC,iiot,normal,0.2110,0.2094
2026-01-01 00:03:12,TON-IoT-PLC,iiot,normal,0.2119,0.2088
2026-01-01 00:03:13,TON-IoT-PLC,iiot,normal,0.2131,0.2080
2026-01-01 00:03:14,TON-IoT-PLC,iiot,normal,0.2146,0.2070
2026-01-01 00:03:15,TON-IoT-PLC,iiot,normal,0.2163,0.2059
2026-01-01 00:03:16,TON-IoT-PLC,iiot,normal,0.2182,0.2046
2026-01-01 00:03:17,TON-IoT-PLC,iiot,normal,0.2203,0.2032
2026-01-01 00:03:18,TON-IoT-PLC,iiot,normal,0.2225,0.2016
2026-01-01 00:03:19,TON-IoT-PLC,iiot,normal,0.2249,0.1999
2026-01-01 00:03:20,TON-IoT-PLC,iiot,normal,0.2274,0.1982
2026-01-01 00:03:21,TON-IoT-PLC,iiot,normal,0.2298,0.1963
2026-01-01 00:03:22,TON-IoT-PLC,iiot,normal,0.2323,0.1944
2026-01-01 00:03:23,TON-IoT-PLC,iiot,normal,0.2348,0.1924
2026-01-01 00:03:24,TON-IoT-PLC,iiot,normal,0.2372,0.1904
2026-01-01 00:03:25,TON-IoT-PLC,iiot,normal,0.2395,0.1884
2026-01-01 00:03:26,TON-IoT-PLC,iiot,normal,0.2416,0.1864
2026-01-01 00:03:27,TON-IoT-PLC,iiot,normal,0.2435,0.1845
2026-01-01 00:03:28,TON-IoT-PLC,iiot,normal,0.2453,0.1826
2026-01-01 00:03:29,TON-IoT-PLC,iiot,normal,0.2467,0.1808
2026-01-01 00:03:30,TON-IoT-PLC,iiot,normal,0.2480,0.1790
2026-01-01 00:03:31,TON-IoT-PLC,iiot,normal,0.2489,0.1774
2026-01-01 00:03:32,TON-IoT-PLC,iiot,normal,0.2496,0.1759
2026-01-01 00:03:33,TON-IoT-PLC,iiot,normal,0.2499,0.1746
2026-01-01 00:03:34,TON-IoT-PLC,iiot,normal,0.2500,0.1734
2026-01-01 00:03:35,TON-IoT-PLC,iiot,normal,0.2497,0.1724
2026-01-01 00:03:36,TON-IoT-PLC,iiot,normal,0.2491,0.1715
2026-01-01 00:03:37,TON-IoT-PLC,iiot,normal,0.2482,0.1708
2026-01-01 00:03:38,TON-IoT-PLC,iiot,normal,0.2471,0.1704
2026-01-01 00:03:39,TON-IoT-PLC,iiot,normal,0.2457,0.1701
2026-01-01 00:03:40,TON-IoT-PLC,iiot,attack,0.8827,0.8798
2026-01-01 00:03:41,TON-IoT-PLC,iiot,attack,0.9066,0.8586
2026-01-01 00:03:42,TON-IoT-PLC,iiot,attack,0.9061,0.8202
2026-01-01 00:03:43,TON-IoT-PLC,iiot,attack,0.8816,0.8001
2026-01-01 00:03:44,TON-IoT-PLC,iiot,attack,0.8557,0.8166
2026-01-01 00:03:45,TON-IoT-PLC,iiot,attack,0.8521,0.8547
2026-01-01 00:03:46,TON-IoT-PLC,iiot,attack,0.8742,0.8792
2026-01-01 00:03:47,TON-IoT-PLC,iiot,attack,0.9016,0.8677
2026-01-01 00:03:48,TON-IoT-PLC,iiot,attack,0.9092,0.8307
2026-01-01 00:03:49,TON-IoT-PLC,iiot,attack,0.8899,0.8022
2026-01-01 00:03:50,TON-IoT-PLC,iiot,normal,0.2208,0.1793
2026-01-01 00:03:51,TON-IoT-PLC,iiot,normal,0.2187,0.1811
2026-01-01 00:03:52,TON-IoT-PLC,iiot,normal,0.2167,0.1829
2026-01-01 00:03:53,TON-IoT-PLC,iiot,normal,0.2150,0.1848
2026-01-01 00:03:54,TON-IoT-PLC,iiot,normal,0.2134,0.1868
2026-01-01 00:03:55,TON-IoT-PLC,iiot,normal,0.2122,0.1888
2026-01-01 00:03:56,TON-IoT-PLC,iiot,normal,0.2112,0.1908
2026-01-01 00:03:57,TON-IoT-PLC,iiot,normal,0.2105,0.1928
2026-01-01 00:03:58,TON-IoT-PLC,iiot,normal,0.2101,0.1947
2026-01-01 00:03:59,TON-IoT-PLC,iiot,normal,0.2100,0.1966
2026-01-01 00:04:00,TON-IoT-PLC,iiot,normal,0.2102,0.1985
2026-01-01 00:04:01,TON-IoT-PLC,iiot,normal,0.2108,0.2002
2026-01-01 00:04:02,TON-IoT-PLC,iiot,normal,0.2116,0.2019
2026-01-01 00:04:03,TON-IoT-PLC,iiot,normal,0.2127,0.2035
2026-01-01 00:04:04,TON-IoT-PLC,iiot,normal,0.2141,0.2049
2026-01-01 00:04:05,TON-IoT-PLC,iiot,normal,0.2158,0.2061
2026-01-01 00:04:06,TON-IoT-PLC,iiot,normal,0.2176,0.2072
2026-01-01 00:04:07,TON-IoT-PLC,iiot,normal,0.2197,0.2082
2026-01-01 00:04:08,TON-IoT-PLC,iiot,normal,0.2219,0.2089
2026-01-01 00:04:09,TON-IoT-PLC,iiot,normal,0.2243,0.2095
2026-01-01 00:04:10,TON-IoT-PLC,iiot,normal,0.2267,0.2098
2026-01-01 00:04:11,TON-IoT-PLC,iiot,normal,0.2292,0.2100
2026-01-01 00:04:12,TON-IoT-PLC,iiot,normal,0.2317,0.2100
2026-01-01 00:04:13,TON-IoT-PLC,iiot,normal,0.2342,0.2097
2026-01-01 00:04:14,TON-IoT-PLC,iiot,normal,0.2366,0.2093
2026-01-01 00:04:15,TON-IoT-PLC,iiot,normal,0.2389,0.2087
2026-01-01 00:04:16,TON-IoT-PLC,iiot,normal,0.2410,0.2079
2026-01-01 00:04:17,TON-IoT-PLC,iiot,normal,0.2430,0.2069
2026-01-01 00:04:18,TON-IoT-PLC,iiot,normal,0.2448,0.2057
2026-01-01 00:04:19,TON-IoT-PLC,iiot,normal,0.2464,0.2044
2026-01-01 00:04:20,TON-IoT-PLC,iiot,normal,0.2477,0.2029
2026-01-01 00:04:21,TON-IoT-PLC,iiot,normal,0.2487,0.2014
2026-01-01 00:04:22,TON-IoT-PLC,iiot,normal,0.2494,0.1997
2026-01-01 00:04:23,TON-IoT-PLC,iiot,normal,0.2499,0.1979
2026-01-01 00:04:24,TON-IoT-PLC,iiot,normal,0.2500,0.1960
2026-01-01 00:04:25,TON-IoT-PLC,iiot,normal,0.2498,0.1940
2026-01-01 00:04:26,TON-IoT-PLC,iiot,normal,0.2493,0.1921
2026-01-01 00:04:27,TON-IoT-PLC,iiot,normal,0.2485,0.1901
2026-01-01 00:04:28,TON-IoT-PLC,iiot,normal,0.2474,0.1881
2026-01-01 00:04:29,TON-IoT-PLC,iiot,normal,0.2461,0.1861
2026-01-01 00:04:30,TON-IoT-PLC,iiot,attack,0.8747,0.8794
2026-01-01 00:04:31,TON-IoT-PLC,iiot,attack,0.9020,0.8672
2026-01-01 00:04:32,TON-IoT-PLC,iiot,attack,0.9091,0.8300
2026-01-01 00:04:33,TON-IoT-PLC,iiot,attack,0.8894,0.8020
2026-01-01 00:04:34,TON-IoT-PLC,iiot,attack,0.8611,0.8089
2026-01-01 00:04:35,TON-IoT-PLC,iiot,attack,0.8502,0.8444
2026-01-01 00:04:36,TON-IoT-PLC,iiot,attack,0.8667,0.8758
2026-01-01 00:04:37,TON-IoT-PLC,iiot,attack,0.8954,0.8743
2026-01-01 00:04:38,TON-IoT-PLC,iiot,attack,0.9100,0.8412
2026-01-01 00:04:39,TON-IoT-PLC,iiot,attack,0.8970,0.8070
2026-01-01 00:04:40,TON-IoT-PLC,iiot,normal,0.2214,0.1707
2026-01-01 00:04:41,TON-IoT-PLC,iiot,normal,0.2192,0.1703
2026-01-01 00:04:42,TON-IoT-PLC,iiot,normal,0.2172,0.1701
2026-01-01 00:04:43,TON-IoT-PLC,iiot,normal,0.2154,0.1700
2026-01-01 00:04:44,TON-IoT-PLC,iiot,normal,0.2138,0.1702
2026-01-01 00:04:45,TON-IoT-PLC,iiot,normal,0.2125,0.1705
2026-01-01 00:04:46,TON-IoT-PLC,iiot,normal,0.2114,0.1711
2026-01-01 00:04:47,TON-IoT-PLC,iiot,normal,0.2106,0.1718
2026-01-01 00:04:48,TON-IoT-PLC,iiot,normal,0.2102,0.1727
2026-01-01 00:04:49,TON-IoT-PLC,iiot,normal,0.2100,0.1738
2026-01-01 00:04:50,TON-IoT-PLC,iiot,normal,0.2101,0.1750
2026-01-01 00:04:51,TON-IoT-PLC,iiot,normal,0.2106,0.1764
2026-01-01 00:04:52,TON-IoT-PLC,iiot,normal,0.2114,0.1780
2026-01-01 00:04:53,TON-IoT-PLC,iiot,normal,0.2124,0.1796
2026-01-01 00:04:54,TON-IoT-PLC,iiot,normal,0.2137,0.1814
2026-01-01 00:04:55,TON-IoT-PLC,iiot,normal,0.2153,0.1832
2026-01-01 00:04:56,TON-IoT-PLC,iiot,normal,0.2171,0.1851
2026-01-01 00:04:57,TON-IoT-PLC,iiot,normal,0.2191,0.1871
2026-01-01 00:04:58,TON-IoT-PLC,iiot,normal,0.2213,0.1891
2026-01-01 00:04:59,TON-IoT-PLC,iiot,normal,0.2236,0.1911
